participant,average_rt,std_rt
101,2.538949255285714,3.667820561685607
102,3.1961290559999997,1.0133242274045646
103,2.898997768142857,2.8430138511457828
104,2.9094597238571427,2.278787878654685
105,15.182611247083335,311.58101805803847
